title,author,date
Tama of the light country,Ray Cummings,"Sep 20, 2026"
Historia geral da invasão dos francezes em Portugal e da restauração deste reino (Volume II) (Portuguese),José Acúrsio das Neves,"Sep 20, 2026"
Histoire maccaronique de Merlin Coccaie (French),Teofilo Folengo,"Sep 20, 2026"
"The poetical works of Anna Seward, Vol. 3 [of 3]",Anna Seward,"Sep 20, 2026"
"The poetical works of Anna Seward, Vol. 2 [of 3]",Anna Seward,"Sep 20, 2026"
"The poetical works of Anna Seward, Vol. 1 [of 3]",Anna Seward,"Sep 20, 2026"
Hanne Nüte en de kleine Poedel (Dutch),Fritz Reuter,"Sep 20, 2026"
Woman in music :  Second edition revised and enlarged,George P. Upton,"Sep 20, 2026"
In case of fire,Walter Kellogg Towers,"Sep 19, 2026"
Lord Lister No. 0352: De witte terreur (Dutch),"Kurt Matull, Felix Hageman, and Theo von Blankensee","Sep 19, 2026"
"History of Unity, Maine",James R. Taber,"Sep 19, 2026"
Our money and the state,Hartley Withers,"Sep 19, 2026"
The spoiled Buddha :  A play in two acts,Helen Waddell,"Sep 18, 2026"
Alice Meynell,Alice Meynell,"Sep 18, 2026"
The last poems of Alice Meynell,Alice Meynell,"Sep 18, 2026"
Entstehung des Deutschen Königthums (German),Heinrich von Sybel,"Sep 18, 2026"
The work of the Afro-American woman,Mrs. N. F. Mossell,"Sep 18, 2026"
Intellectual things,Stanley Kunitz,"Sep 17, 2026"
The ghost of Gamblin' Dan,James W. Egan,"Sep 17, 2026"
The beauties of the Bosphorus,Miss Pardoe,"Sep 16, 2026"
Undream'd of shores,Frank Harris,"Sep 16, 2026"
"Sahara et Soudan, tome premier :  Tripolitaine, Fezzan, Tibesti, Kanem, Borkou et Bornou (French)",Gustav Nachtigal,"Sep 16, 2026"
The sky jinx,Raoul Whitfield,"Sep 16, 2026"
Beyond the end of space,Jr. John W. Campbell,"Sep 16, 2026"
Die Vögel :  Eine Komödie (German),Aristophanes,"Sep 16, 2026"
